Question,A,B,C,D,E,Correct Option
The craftsman used elaborate joinery and paneling for the what of the saloon?,swing door,entrance,wall,sliding door,exterior door,A
"He wanted a saxophone, so he went where?",grocery store,case,marching band,orchestra,music store,E
Where will a book being read by one person be kept?,school room,university,bedside table,pantry,discount store,C
"I forgot to pay the electricity bill, now what can't I do with my ground pump?",put in to the water,cause fire,produce heat,short fuse,shock,C
Where is a dish usually used?,picnic,sink,kitchen cabinet,table,pantry,D
"The fight enemy choice had led him to a grave injury, he was now what?",dying,victory,casualties,protect yourself,death,A
What is not a reason that you would want to be going for run?,pull muscle,breathlessness,better health,trip,losing weight,B
What can you put in a parking lot?,car,town,circus,city,business district,A
Joe was driven by curiosity to take up a career doing what?,use television,see exhibits,read book,design software,taking a walk,D
"If you're betting with a shark, where are you likely playing?",aquarium,mediterranean sea,south pacific,pool hall,pacific ocean,D
Where would you give something other than money to a clerk?,ticket booth,at hotel,shop,bookstore,post office,E
Awaking in the middle of the night may cause what?,depression,irritability,shock,discomfort,alertness,B
What sort of organization do employees usually work for?,a business,meeting,corporation,company,office,D
Johnny sat on a bench and relaxed after doing a lot of work on his hobby.  Where is he?,state park,bus depot,garden,gym,rest area,C
"If you aren't glad, unhappy or gloomy, what illness may you have?",depressed,downcast,angry,unhappy,sorrowful,A
In a court what group passes a sentence?,sure,arrive at conviction,on jury,judgemental,mom,C
which door with lock regularly holds cars?,house,autolock,garage,file cabinet,safe,C
Why would we handle glass with care ?,many different colors,cut vegetables,break easily,melt,hold water,C
What kind of box does a fish live in?,aquarium,ocean,pond,bay,river,A
What eastern continent would you travel to in order to see a gazelle in their disneyland's zoo?,australia,wildlife refuge,ivory coast,open plain,asia,E
What could stop someone from opening business?,get rich,may be occured failure..,wealth,busy,failure,D
"She couldn't wait to see the performance, she stood in the line for the box office where?",theatre,venue,theater district,movie theater,ballpark,A
Where are you likely to find melted cheese?,refrigerator,bread,fridge,pizza,market,D
"Out changing society meets a lot of resistance by people who like the old way of things.   But slowly, new ways gain what?",happy times ahead,change in leadership,better standard of living,no water,acceptance,E
"His favorite general store had most things, and if it didn't it was conveniently located with other shops in the what?",shopping mall,barn,salt,old west,checkers,A
"To gain her trust the real estate agent was very polite, delightful and all around what?",manipulate,charming,deceive,exaggerate,incompetent,B
A student should not do what while their instructor is lecturing?,play piano,talk,talk on their phone,study engineering,read book,B
"If a crowd of people being to panic, what might they do?",destroy each other,run amok,die,desire to win,talk to each other,B
Where would you find fungus in a university?,cave,biology laboratory,decaying matter,mushroom hunting,old cheese,B
Where could you put some knives if you are planning to bring them outside with you?,purse,backpack,drawer,sporting goods store,kitchen,B
When having food it is common to do what other act of consumption?,drinking,playing poker,sit,talk,being greedy,A
What is learning about the world and it's injustices  likely to cause?,anger,loss of innocence,happiness,pleasure,enlightenment,A
Having lunch too many times can result in what?,you die,obesity,feeling satisfied,feel full,digestion,B
"The Mormon owned steak house was always busy, it was a great place to visit where?",utah,nebraska,the sun,new york,strip mall,A
Where is somewhere you stop to go to the bathroom when on the road?,school,rest area,at hotel,friend's house,educational area,B
"I want to make new friends when I socialize at the party, what should I do?",find friends,sing,mix,with people,see people,C
What goes well with drinks?,show,bar,soda,dinner,refrigerator,D
How do you signal that you are agreeing with someone on a deal?,lie,nodding,shaking hand,nod and smile,whistle,C
What kind of tour is someone likely to see the eiffel tower on?,garage,movies,in europe,paris,bus,C
What city would you find a temple containing men with shaved heads?,jewish community,nepal,middle east,timbuktu,india,B
What do I cook on the stove when I want to make tacos?,brown meat,mexico,open can,bake bread,warm food,A
Dan is very creative. He likes to read and wants to make something like that.   On a rainy day he tries his hand.  What might he do?,write,go to movie,stay in bed,enjoy film,make bread,A
Where might someone find a very nice flat?,city,shoes,apartment building,town,london,E
"China transports lots of cargo, one way is by sea in a very large what?",ship's hold,boat,bus,aeroplane,airplane,B
"If people are told something controversial, what do they do next?",hope for peace,believe in god,start fighting,form opinions,worship idols,D
Where could you find a policeman that is sitting down?,front door,office,police station,street,roadblock,C
Where is small knight likely to be found?,fairy tale,castle,middle ages,chess board,doll house,D
Beavers are native to the northwest of north american such as what canadian region?,british columbia,woodlands,wooded area,niagara falls,body of water,A
"The small dog was something of a homebody, it loved naps on the couch where?",big house,dog show,small apartment,limousine,living room,E
"If something is dull, what would it be after you fixed it?",sharp,bright,exciting,interesting,intelligent,A
Where are people likely to enjoy a show?,theater,wedding,in the garden,opera,convention,A
"I brought the mail in, where should I put it?",neighbor's house,post office,fridge,table,bathroom,D
"The child wanted his cereal bowl and knew he could reach it, where would he find it?",breakfast food,china shop,kitchen cabinet,refrigerator,cupboard,C
James was driving away from work. He slid into the outside lane.  Up ahead he would have to do what?,take u turn,turn left,crash,turn right,get to town,D
Where is a stool likely to be found?,internet cafe,blacksmith's shop,office,bar,building,D
Where do you keep a credit card?,purse,envelope,resturant,wakket,wallet,E
Spending time seeing artifacts listening to museum lectures will lead to what?,thinking,learning,angry,archeology,pleasure,B
How might an unhappy person try to end their suffering?,going to the doctor,further cause,attempt suicide,wave goodbye,thank god,C
What is someone with courage in a surprising situation not likely to feel?,fight,shocked,humor,nervous,frightened,E
During what could you hear a viola along with many other types of instruments?,viola case,concert,orchestra,symphony,string quartet,D
If you're getting drunk while in public you are likely where?,jail,gutter,city hall,park,bar,E
When you meet interesting people your contacts list is likely to do what?,remember names,grow,friendly,cordial,friendship,B
If I want to buy a lot of crab for dinner what sort of specialty location might I visit?,chesapeake bay,tidepools,hotels markets,fish market,beach sand,D
What is the closest place to eat when you are not out on the town?,serving drinks,food court,shopping center,own house,downtown,D
What's another name for cargo?,aeroplane,boat,giftwrap,hiding in,ship's hold,E
"He often got thirsty at night and needed a drink, so he always had a night table everywhere he had lived in all his what?",furniture store,life,hallway,hotel,homes,E
"The sloppy dad saw the random stuff in the kitchen, and didn't know where to put it, where did he decide to place it?",anything,cupboard,michigan,table,cabinet,E
Where could you find millions of ficus?,arboretum,california,teapot,apartment,ground,B
"When a person is on trial for killing, what is a jury likely to decide?",execution,investigation,going to jail,retribution,punishment,E
Where is a good place to keep a wagon meant for work?,garage,kitchen cabinet,backyard,field,toy store,A
What does the first person in a group of people to have a child often feel like doing?,love,give birth,having fun,anxiety,making new friends,E
What would a parent do if their child never goes outside or sees other people?,close box,homeschool,cry a lot,call child,experience fear,B
"The old man would be stuck staying in bed, part of the nurse's job was to move him so he wouldn't get what?",bed sores,missing out,nervous,comfort,resting,A
What do humans do when in a race?,lay eggs,eat fruit,wrestle,compete with each other,draw pictures,D
"When one is looking at a series of attributes, how are they typically displayed?",on-screen,calculus,description,array,calculas,D
What can a vehicle do to groceries?,eat,feel impact of accident,slow down,carry,travel,D
Sarah didn't own a computer or a monitor.  Instead she just used something connected to her TV.  How would she describe the thing connected to her TV?,box,internet cafe,view bluescreen,desktop,display images,A
Where would you get maps if you do not have them and want to keep them?,guide drivers,library,bookstore,cabinet,drawer,C
"If you are chewing food, what broader activity would you be participating in?",grinding food,avoiding choking,eating,good digestion,sore mouth,C
Where would you store a stack of paper when not immediately needed?,notebook,cabinet,classroom,suitcase,portfolio,B
What happens after an extended amount of living for a person?,getting old,palpitations,death,perspiration,make friends,A
"The person enjoyed the takeout, but he felt there was too many vegetables and wanted what?",warm coat,more rice,compliments,read book,to eat less cereal.,B
"Everyone feels a little lost sometimes, they just need someone to listen and to be what?",accepted,understood,happy,happiness,victory in war,B
"A common saying, Sam thought, was to go forth, also this.",reverse,backwards,back and,back and,tally back,D
"The peanuts were sealed for freshness, so where were they placed?",jar,peanut shells,carnival,ballpark,bought at grocery store,A
What do all rooms facing outside have?,square shape,different sizes,flowers,doors and windows,high walls,D
In American it is possible for someone to grow up poor and end up what?,rich,good,being rich,adequate,famous,A
Who is it important to pay attention to when attending school?,falling down,time,stupidity,teachers,patience,D
Where are you if you open the night table drawer to find a bible placed by the gideons?,hallway,homes,furniture store,holding alarm clock,hotel,E
How do you feel if you overindulge when eating breakfast?,gas,fullness,gain energy,stomachache,indigestion,B
